Age,Income,LoanAmount,CreditScore,MonthsEmployed,NumCreditLines,LoanTerm,Education,LoanPurpose,Default
60,3000,50087,520,80,4,36,Bachelor's,Other,1
69,50432,12440,458,15,1,60,Master's,Other,1
37,30022,12988,451,26,3,24,Master's,Auto,0
40,31713,4479,743,0,3,24,High School,Business,1
35,20437,9139,633,8,4,48,Bachelor's,Auto,0
47,21000,90448,720,18,2,24,High School,Business,1
45,10000,17725,429,80,1,12,Bachelor's,Home,0
53,20000,15511,531,67,4,60,PhD,Home,1
30,7000,9257,827,83,1,48,Bachelor's,Education,1
50,6500,22810,480,114,4,48,High School,Other,0
37,43000,16381,652,94,2,48,High School,Education,1
42,4200,13959,375,56,3,36,PhD,Education,1
63,23265,6327,829,87,4,60,Master's,Auto,0
48,11705,95074,395,112,4,24,High School,Auto,1
46,13969,88143,635,112,4,48,Master's,Home,0
45,74064,23883,432,31,2,60,Master's,Auto,1
38,11704,25697,313,49,1,24,PhD,Home,0
29,33015,10889,811,106,2,60,Master's,Other,1
32,40718,78515,319,119,2,24,Bachelor's,Education,1
44,12419,16146,376,65,4,60,High School,Other,0
53,10142,13314,429,96,1,12,PhD,Business,0
69,1413,10061,419,55,1,12,Bachelor's,Business,1
55,13205,13012,583,48,4,60,High School,Business,0
28,11899,12300,528,73,3,36,PhD,Business,1
35,7000,16818,468,73,1,24,Bachelor's,Education,0
50,81609,78193,839,110,1,48,Master's,Business,0
29,14651,19768,343,58,3,24,Bachelor's,Home,0
39,17633,16705,514,62,3,36,High School,Auto,1
61,6259,29676,462,16,1,48,Bachelor's,Home,0
47,14140,19774,580,57,2,12,Bachelor's,Education,1
53,6500,58945,604,37,4,12,High School,Auto,0
47,10000,22543,551,31,1,36,Master's,Business,1
36,10220,55337,840,6,1,60,Master's,Auto,0
34,8500,48773,787,103,4,24,PhD,Education,1
53,9240,66282,607,39,1,12,Bachelor's,Home,0
32,10210,17979,669,51,2,12,Master's,Home,0
64,10200,21833,506,24,2,60,Master's,Auto,0
68,4000,44772,540,105,1,36,Master's,Auto,1
61,26470,19818,695,47,2,36,PhD,Auto,0
69,8700,16281,707,94,1,60,Bachelor's,Other,0
32,10000,43049,458,117,2,36,Master's,Home,1
46,21487,84115,386,32,2,60,PhD,Business,0
63,4600,21581,747,99,3,60,High School,Home,0
42,20000,33013,400,58,3,36,High School,Auto,1
42,4900,22128,639,84,4,36,Bachelor's,Home,0
35,2400,67671,795,72,3,12,High School,Business,1
43,4299,37657,498,88,1,48,High School,Auto,1
33,9000,77552,560,8,2,24,Master's,Home,1
52,16170,66883,505,27,1,48,PhD,Education,0
64,4000,24091,393,96,3,36,High School,Business,0
32,4299,22032,369,57,2,24,PhD,Education,1
46,1809,14596,439,36,2,48,Bachelor's,Auto,0
27,9200,21464,634,33,3,24,PhD,Education,0
44,7113,21504,657,0,2,24,Bachelor's,Home,0
34,2411,41605,417,59,3,48,Bachelor's,Business,0
45,3773,23459,455,20,3,48,PhD,Other,1
37,3117,15828,351,54,3,24,Bachelor's,Other,0
53,4565,24511,655,76,4,24,High School,Auto,0
59,3144,75317,737,66,4,36,High School,Business,0
58,4911,22246,771,47,3,12,High School,Other,0
45,8581,22738,669,58,1,36,High School,Education,1
37,1106,13719,669,11,3,60,Master's,Home,0
41,7616,14518,775,23,3,24,PhD,Home,0
36,8241,22243,680,22,1,24,Master's,Home,0
46,3782,17524,694,67,3,36,Bachelor's,Business,0
62,1491,24526,534,18,1,60,Bachelor's,Auto,0
70,7715,15939,529,59,4,36,High School,Other,0
42,3480,63072,416,93,3,60,Bachelor's,Home,0
37,1420,23818,318,35,3,48,High School,Business,0
39,2036,16086,411,66,4,60,Bachelor's,Education,0
32,1712,11049,802,56,3,12,High School,Auto,0
52,6000,11771,305,50,2,36,High School,Auto,0
31,1486,14271,674,69,2,60,Bachelor's,Education,0
36,5979,12293,585,36,4,24,High School,Auto,0
45,11825,16932,750,80,4,48,High School,Business,0
63,1305,17462,303,22,3,60,Master's,Business,0
58,4911,93324,487,51,2,12,High School,Home,0
37,4687,11986,730,70,1,60,PhD,Auto,0
31,2354,10480,579,111,1,12,Master's,Business,0
48,4935,18780,750,39,3,60,PhD,Home,0
42,1437,19310,658,63,2,60,Bachelor's,Other,0
54,9997,27219,683,111,4,24,Bachelor's,Other,0
45,8077,21716,574,9,3,36,High School,Home,0
52,4628,13441,421,1,1,24,High School,Auto,0
58,2472,21951,719,73,3,12,PhD,Auto,1
38,5692,22378,692,44,1,24,High School,Home,0
43,1377,16913,542,25,2,12,High School,Other,1
43,1090,17316,453,71,1,36,Master's,Business,0
72,5923,21715,618,8,1,48,High School,Home,0
53,3515,16656,351,65,4,48,High School,Auto,0
59,1389,24333,453,101,2,24,High School,Other,0
52,9002,15930,659,53,3,24,Master's,Other,0
34,9374,23227,747,44,1,24,Master's,Other,0
57,11414,10634,319,45,2,60,PhD,Home,0
38,10823,84484,371,58,3,36,PhD,Home,0
43,3020,18288,517,119,3,24,Bachelor's,Auto,0
37,2524,13489,701,91,1,24,Master's,Business,0
73,5529,37681,361,54,1,36,Bachelor's,Auto,0
58,10049,17484,578,52,3,24,Bachelor's,Auto,0
82,7454,89606,656,117,2,12,Bachelor's,Business,1
50,4733,13109,553,73,3,12,Bachelor's,Business,0
29,14813,24338,734,105,4,60,High School,Home,0
47,12841,7938,346,70,3,24,PhD,Education,0
41,4082,17030,585,74,4,24,Bachelor's,Home,1
52,2846,20894,584,86,1,24,PhD,Other,0
59,1457,34875,811,58,2,36,Master's,Education,0
53,9393,13271,481,4,1,48,High School,Education,0
53,13725,81022,447,10,1,12,Bachelor's,Education,0
40,2982,22983,691,16,1,24,Bachelor's,Education,0
40,3981,85372,607,70,1,24,Master's,Business,0
45,4263,50451,457,82,1,36,High School,Business,0
32,2171,23051,616,7,1,12,Bachelor's,Home,0
63,10374,22936,551,79,1,48,Bachelor's,Other,0
52,6622,24227,564,47,3,24,High School,Other,0
57,1324,84549,315,48,1,12,PhD,Other,0
47,1321,31372,436,85,1,36,PhD,Education,0
26,2273,17449,533,53,4,60,High School,Home,1
42,7594,11323,737,47,3,12,High School,Home,0
62,1463,17145,372,69,3,12,PhD,Auto,1
58,10649,80930,394,63,3,36,PhD,Business,0
47,4505,10293,834,12,2,60,Bachelor's,Auto,1
35,5796,14864,339,6,3,48,Master's,Education,0
47,10152,15564,415,17,3,12,Master's,Other,0
44,5848,17439,668,28,3,60,High School,Home,1
52,8893,14131,748,68,3,12,High School,Auto,0
73,10484,15084,715,12,3,12,PhD,Home,1
36,11289,21697,479,117,2,60,PhD,Home,0
73,14602,52331,696,100,4,60,High School,Home,0
35,9286,23363,751,60,3,12,PhD,Home,0
72,6596,15868,842,16,2,12,PhD,Education,0
52,14000,11122,769,115,1,48,Master's,Auto,0
50,7454,24296,635,59,4,36,Bachelor's,Education,0
42,9649,14464,577,93,1,36,Master's,Education,0
42,1340,14085,602,6,2,60,Master's,Other,0
63,9799,14880,497,43,4,60,Master's,Business,0
81,9144,10427,811,114,3,24,High School,Education,1
63,2965,16446,714,9,4,12,High School,Auto,0
28,7801,14088,578,100,2,48,Master's,Home,0
75,6037,13036,396,14,4,24,High School,Other,0
51,10713,14055,513,86,3,36,High School,Home,0
62,6457,92300,842,50,4,12,Bachelor's,Education,0
33,7462,13050,343,13,2,24,High School,Education,0
64,10506,75374,522,83,1,60,Master's,Business,0
63,10000,23359,335,104,1,24,High School,Business,0
50,8112,41548,601,63,3,48,Master's,Other,0
49,10803,18454,499,11,1,60,Bachelor's,Auto,0
44,8975,18910,380,115,1,24,Bachelor's,Business,0
34,14287,24067,375,68,2,60,Master's,Auto,0
53,7711,91461,640,31,2,60,PhD,Education,0
58,7351,16465,566,86,4,24,Bachelor's,Business,0
61,7890,11094,627,117,4,36,PhD,Auto,0
39,11049,89154,520,110,4,24,Master's,Education,0
40,2985,13015,528,1,4,12,PhD,Home,1
60,4426,74159,786,95,3,48,High School,Auto,0
39,2831,10810,524,33,3,36,Master's,Home,0
56,5814,36000,449,118,1,12,Bachelor's,Other,0
41,15572,24549,489,27,4,12,High School,Business,0
38,9250,68622,439,113,4,60,Master's,Other,0
42,3812,74817,401,97,4,24,PhD,Other,0
49,9792,15362,666,112,2,60,PhD,Education,0
39,12688,22077,818,35,2,36,High School,Business,0
55,13389,21933,841,33,2,48,Bachelor's,Business,0
47,11059,24597,406,16,2,48,High School,Other,0
49,11632,3350,508,88,2,48,Bachelor's,Home,0
42,6516,15943,743,51,4,36,Bachelor's,Home,0
80,7886,13644,580,6,2,24,PhD,Other,0
44,14144,42537,669,68,1,36,Master's,Auto,0
34,2524,21669,749,14,3,60,High School,Auto,0
43,3263,12320,620,49,1,60,PhD,Auto,0
52,7294,16283,536,88,1,48,PhD,Home,0
55,15092,15778,734,115,2,60,PhD,Auto,1
72,3000,13713,375,108,3,60,High School,Education,0
34,11934,14716,787,49,3,12,Master's,Auto,0
61,13489,86160,592,40,1,60,Master's,Home,0
46,4919,12531,541,52,2,60,High School,Business,0
46,14227,79391,316,39,4,48,Bachelor's,Education,0
40,9929,23219,720,68,2,24,Master's,Home,0
41,10794,10000,609,18,4,48,High School,Home,1
31,25608,13461,705,63,3,60,Bachelor's,Education,1
60,17500,22724,795,69,1,24,Bachelor's,Business,0
59,5874,9225,674,77,2,24,High School,Other,1
45,8346,13957,424,109,2,60,Master's,Home,0
51,5405,34835,770,94,4,24,High School,Education,0
42,14822,21244,695,8,4,48,PhD,Home,0
44,5294,45000,407,34,3,36,PhD,Auto,0
63,9682,23960,611,101,1,12,Master's,Home,0
51,13186,22699,657,103,2,48,PhD,Business,0
52,3782,18883,398,59,2,36,PhD,Home,0
44,7264,12921,739,41,3,24,High School,Other,0
40,15906,93334,777,76,1,48,PhD,Home,0
50,3804,10685,763,50,2,48,PhD,Business,0
30,14501,31141,480,8,1,36,High School,Auto,0
35,19006,91875,826,25,1,60,Bachelor's,Auto,0
46,14668,21629,517,31,4,12,High School,Other,0
51,11404,75000,406,92,4,48,Master's,Other,0
33,1949,7690,726,31,4,24,High School,Other,0
51,8718,7600,310,92,2,12,High School,Education,0
42,9433,65990,815,72,4,48,Bachelor's,Home,0
52,10212,9599,797,70,4,36,Bachelor's,Other,0
46,10714,24932,317,24,4,60,High School,Education,1
53,84774,12012,749,43,4,24,Master's,Home,0
52,12713,24296,626,46,4,48,Bachelor's,Education,0
60,10197,15116,708,2,3,12,Bachelor's,Other,0
37,4798,15340,334,88,3,36,PhD,Other,1
51,10696,8742,434,3,3,24,PhD,Education,0
51,5921,43116,381,69,4,36,Bachelor's,Home,0
49,17701,15296,811,119,1,60,High School,Auto,0
41,13503,12190,552,15,2,36,Master's,Other,0
40,10941,10327,347,112,4,36,High School,Home,0
53,9359,11026,413,31,1,24,PhD,Business,0
58,12586,23918,338,73,4,36,High School,Business,1
43,5100,84501,760,10,4,24,PhD,Auto,0
70,12426,12070,506,103,4,12,High School,Home,0
55,6258,11254,740,53,4,36,PhD,Home,0
44,11798,15263,583,59,2,36,Bachelor's,Other,0
66,8654,13512,721,114,3,36,PhD,Business,0
52,6999,19371,672,78,1,60,Master's,Other,0
38,14244,22906,464,60,1,24,Bachelor's,Other,0
76,14270,25379,494,116,3,24,High School,Home,0
48,3815,13093,470,68,2,48,High School,Other,0
52,2202,61460,624,11,1,48,Bachelor's,Education,0
39,9100,60224,730,50,3,60,Master's,Business,0
29,10145,17673,366,13,2,24,PhD,Education,1
42,10028,14500,831,94,3,36,PhD,Education,0
51,11816,21125,337,89,4,48,Bachelor's,Auto,0
49,9952,12874,671,75,4,48,High School,Education,0
57,11743,23185,337,81,1,48,Bachelor's,Education,1
53,7057,54481,610,54,2,24,Bachelor's,Other,0
41,7039,16776,528,83,1,12,High School,Other,0
59,6785,12136,308,108,2,36,PhD,Education,0
35,5596,17404,742,2,3,36,High School,Home,0
61,4562,15010,716,82,4,12,Bachelor's,Education,0
36,7720,19494,383,3,3,24,High School,Other,0
69,3010,67612,550,5,3,48,Bachelor's,Business,0
53,5696,6451,645,69,1,48,Bachelor's,Home,0
41,13971,11884,401,89,4,36,PhD,Auto,0
43,7437,66303,433,79,4,12,High School,Other,0
36,9729,18933,663,40,2,48,Bachelor's,Business,0
58,26051,19898,367,66,3,60,Bachelor's,Home,0
43,6585,21489,650,90,1,12,Bachelor's,Other,0
49,14858,11680,578,75,4,60,Bachelor's,Business,0
23,11761,21837,596,65,1,48,PhD,Education,0
49,3984,14272,533,0,2,60,High School,Auto,0
32,9051,68033,419,106,2,36,Master's,Auto,0
51,1523,10170,593,31,2,60,Master's,Home,0
74,7549,21723,466,9,4,24,PhD,Other,1
62,3751,43127,478,82,3,60,PhD,Other,0
50,8729,16189,401,103,1,60,PhD,Business,0
58,5190,11956,412,36,4,12,High School,Home,0
44,9732,19859,375,56,1,12,PhD,Other,0
41,8434,18838,655,33,4,36,High School,Auto,0
58,7490,20598,571,39,3,36,Bachelor's,Home,1
69,13871,14039,666,27,2,60,PhD,Home,0
50,8519,18035,809,62,4,12,Bachelor's,Auto,0
49,4131,5769,849,7,2,60,PhD,Other,0
51,14028,69711,826,49,2,48,High School,Auto,0
45,3635,18509,629,110,1,24,Master's,Business,0
49,19860,79822,788,92,3,36,Master's,Home,0
34,2582,14317,399,107,4,48,PhD,Education,0
38,13204,17853,317,49,3,24,High School,Education,0
50,4929,78000,376,41,3,24,Bachelor's,Other,0
36,18625,58127,643,84,4,60,Bachelor's,Other,1
31,10947,14144,332,98,2,24,PhD,Home,0
25,11279,79572,475,44,1,48,Bachelor's,Home,0
63,12523,99149,809,3,3,24,PhD,Auto,0
44,3585,11766,382,50,2,12,Bachelor's,Home,0
59,10929,23748,720,101,3,48,High School,Other,0
53,3666,23880,841,7,2,24,High School,Business,1
49,11038,10428,352,66,1,24,High School,Other,0
37,20550,19505,466,107,2,12,Master's,Education,0
32,9920,10091,328,39,3,24,PhD,Business,0
59,5025,19450,469,73,3,60,PhD,Home,0
52,9091,58855,614,119,2,36,Master's,Other,0
59,2986,20379,342,69,4,24,Master's,Education,0
69,12064,69420,642,96,1,48,PhD,Home,0
62,4919,13981,678,22,1,24,Bachelor's,Education,0
62,7186,91246,806,75,2,24,Master's,Business,0
43,2300,78444,315,21,2,36,Bachelor's,Auto,0
59,14871,22638,477,16,2,24,Master's,Education,0
62,3801,21038,595,105,1,24,High School,Home,0
66,1461,14808,304,106,2,24,PhD,Education,1
42,4491,63637,312,28,3,24,PhD,Home,0
67,2763,71510,680,91,2,24,PhD,Business,0
40,5840,12766,476,116,2,24,Bachelor's,Auto,0
48,5119,24865,339,23,3,60,Master's,Business,0
55,3438,13672,754,6,4,60,Master's,Auto,0
59,4964,16916,530,18,1,60,Bachelor's,Education,0
55,9946,18440,499,95,1,60,Master's,Education,0
42,8351,23423,324,64,1,12,Master's,Auto,0
33,6084,11651,546,97,1,24,High School,Other,0
43,5629,23721,518,29,4,36,Master's,Other,0
65,12076,20524,461,58,4,60,Master's,Home,0
77,1645,16705,396,30,4,60,PhD,Auto,0
82,12609,11864,787,23,1,36,Master's,Education,0
32,9290,52133,815,14,3,24,PhD,Education,0
38,9495,14108,626,31,1,36,Master's,Education,0
40,6098,97181,399,20,1,24,PhD,Business,0
38,2178,150488,816,81,2,12,Bachelor's,Home,0
44,7957,64185,659,3,3,60,PhD,Auto,0
51,11064,63551,641,110,1,12,Master's,Auto,0
45,2281,15191,823,118,3,48,Bachelor's,Auto,0
34,7633,13043,518,82,3,60,PhD,Home,0
58,22000,18059,698,45,3,48,Bachelor's,Other,0
31,12931,22213,402,84,2,24,High School,Auto,0
41,11882,10619,718,112,1,24,PhD,Education,0
47,30370,17083,648,20,3,24,Master's,Home,0
62,10022,24920,592,17,4,60,High School,Education,0
43,14378,42768,559,83,3,60,High School,Education,0
46,9822,76613,586,119,1,60,Master's,Education,0
43,8388,73238,324,19,3,48,Bachelor's,Education,0
33,9003,12471,331,33,2,48,PhD,Home,0
35,14788,13647,517,85,1,24,High School,Education,0
56,10947,13028,644,17,2,60,Master's,Auto,0
51,12390,16315,435,24,2,48,Master's,Auto,0
54,9329,19698,677,5,1,36,Bachelor's,Business,0
52,11102,46936,777,99,1,24,Master's,Education,0
45,1323,15714,569,38,4,12,PhD,Auto,0
35,1123,12940,773,44,1,60,Master's,Home,0
59,5597,24961,399,70,4,36,Master's,Home,0
68,11145,74341,598,58,4,24,High School,Education,0
30,9599,81939,444,99,2,60,PhD,Home,0
40,4626,14364,406,61,2,48,PhD,Home,0
42,7574,14788,552,26,1,24,High School,Home,0
51,12506,13824,745,99,3,36,High School,Auto,1
39,3331,71783,422,78,3,24,Bachelor's,Other,0
53,3286,86815,341,33,1,60,Bachelor's,Auto,0
35,11048,19639,379,1,4,48,High School,Education,0
63,6484,12391,672,58,4,48,Master's,Home,0
35,5929,18285,691,115,2,12,Bachelor's,Education,0
78,12672,50493,589,42,2,48,Bachelor's,Business,0
52,4099,89073,371,0,2,12,Bachelor's,Education,0
33,8039,97406,715,97,3,48,Master's,Business,0
58,1953,17959,364,65,3,48,Master's,Other,0
53,6803,12907,681,51,1,24,Master's,Other,0
50,6012,14658,423,110,2,48,Bachelor's,Business,0
41,8369,16848,747,115,3,60,Master's,Home,0
50,6681,11951,839,80,4,24,PhD,Home,0
31,9401,18600,808,26,4,60,High School,Business,1
38,9026,85781,728,84,1,36,Bachelor's,Education,0
65,2013,22722,730,65,1,12,PhD,Business,0
37,11649,42529,662,8,3,24,PhD,Business,0
35,4370,18835,490,99,4,48,Master's,Business,0
24,6444,13247,839,9,2,36,High School,Business,0
69,7722,22016,473,83,3,24,PhD,Other,0
34,12652,17472,812,38,3,48,Master's,Other,0
50,14712,13990,832,63,4,60,PhD,Home,0
65,9629,51752,455,69,4,36,PhD,Auto,0
64,7656,16843,374,67,4,48,Bachelor's,Other,1
68,9146,65709,653,0,4,60,Bachelor's,Auto,0
39,6740,17812,402,20,1,12,High School,Business,0
39,13074,17223,518,99,2,48,PhD,Home,0
63,10386,21859,676,107,2,48,PhD,Home,0
47,11429,15289,309,98,1,12,Bachelor's,Business,0
55,14451,15388,814,35,3,48,Master's,Other,1
55,13736,19626,695,53,1,12,Bachelor's,Education,0
62,8232,25481,465,70,4,24,PhD,Education,0
68,12016,49277,748,38,4,12,Bachelor's,Home,0
25,13879,6900,535,49,1,24,Master's,Auto,0
44,12324,12992,617,30,2,60,PhD,Business,0
44,6972,18226,376,101,4,48,Master's,Home,0
51,12296,18785,553,23,2,48,PhD,Other,0
38,3762,14441,679,17,2,24,Master's,Education,1
47,4635,24597,453,42,1,12,High School,Auto,0
50,11100,22554,475,76,1,24,Bachelor's,Home,0
45,10970,24284,711,10,1,36,Master's,Auto,0
64,4752,21203,842,114,2,24,High School,Auto,0
50,1806,19470,635,4,3,12,Bachelor's,Auto,1
22,2817,21209,695,83,3,48,Bachelor's,Other,1
65,14037,11435,497,61,2,60,Master's,Home,0
36,10138,21983,493,65,1,48,PhD,Education,0
21,1594,10309,774,54,3,36,Master's,Other,0
52,8076,10698,477,79,2,24,Master's,Education,0
66,9445,99918,481,94,3,60,PhD,Business,0
34,2464,16647,670,111,2,36,PhD,Other,0
61,9928,40005,374,111,1,24,Bachelor's,Auto,0
45,6677,20903,413,108,4,24,PhD,Business,1
47,11150,10513,551,50,3,48,PhD,Auto,1
46,2173,52020,773,115,1,12,Master's,Business,1
63,3200,22448,634,77,1,60,Master's,Home,0
23,14092,15242,737,98,3,48,Bachelor's,Home,0
52,8905,80340,634,19,3,36,PhD,Home,0
58,84901,12786,761,8,4,36,Master's,Business,0
54,3360,22356,782,64,3,12,Bachelor's,Home,0
41,11209,14723,610,46,4,36,Master's,Home,0
46,5463,16955,513,6,2,12,PhD,Auto,0
66,8181,6871,646,60,3,12,Bachelor's,Home,0
63,14179,21850,360,55,4,60,Bachelor's,Other,0
48,9330,21105,456,11,4,24,Master's,Other,0
52,1025,24590,653,76,1,60,High School,Other,0
44,8068,17937,732,11,3,12,Bachelor's,Other,1
68,5357,6700,789,116,2,60,Bachelor's,Education,0
38,14995,15694,611,88,3,12,PhD,Business,0
49,9678,6210,536,37,3,36,Master's,Auto,0
40,9906,12350,497,63,2,12,High School,Home,0
50,3314,11874,344,2,1,12,Master's,Business,0
20,12594,15468,536,17,3,12,High School,Business,0
35,7342,21617,405,68,3,36,PhD,Other,0
42,9639,24322,837,99,2,12,Master's,Other,0
52,7831,16521,826,110,1,36,Master's,Education,0
43,9584,23000,723,6,3,12,High School,Other,0
50,7064,11869,506,60,1,36,High School,Education,1
53,7029,13832,379,41,2,24,Master's,Home,0
53,3816,52978,370,2,3,60,Bachelor's,Business,0
72,7047,49877,690,91,2,24,Bachelor's,Education,0
46,8690,98898,521,12,4,36,High School,Business,0
43,9714,6756,479,24,2,48,Bachelor's,Education,0
34,3461,90593,678,96,3,36,Bachelor's,Home,0
45,9408,16644,715,4,1,36,Bachelor's,Auto,0
63,9683,11336,739,27,2,24,Bachelor's,Auto,0
52,6620,13025,495,117,1,24,PhD,Other,0
32,11786,24397,679,27,3,24,Bachelor's,Business,0
54,6619,19992,414,23,1,12,Bachelor's,Home,0
42,3795,15426,325,53,3,48,High School,Other,0
43,6466,21914,320,81,1,60,High School,Business,0
33,14664,24719,555,30,1,24,High School,Business,0
57,3946,74426,718,82,3,12,High School,Auto,0
40,8641,12874,602,39,3,12,Master's,Education,0
41,4813,24854,435,95,2,60,Bachelor's,Other,0
63,14376,21011,307,69,4,24,High School,Home,0
42,10983,23012,802,99,2,48,Bachelor's,Auto,0
42,6006,22652,505,58,3,60,Bachelor's,Education,1
49,13049,10066,341,52,1,24,PhD,Auto,0
51,13987,12262,794,82,1,12,Master's,Business,0
55,4879,11898,571,22,3,24,Bachelor's,Home,0
52,8946,20728,848,12,4,12,High School,Other,0
6,12329,23487,624,115,2,24,PhD,Other,0
42,10677,24228,427,61,2,12,Master's,Home,0
41,13404,18185,675,23,4,36,Bachelor's,Home,0
30,11967,14255,630,58,1,12,Master's,Auto,0
53,13193,14013,320,66,1,36,Master's,Education,0
53,7783,28000,420,9,2,60,Master's,Other,0
62,12474,80143,494,110,2,36,Bachelor's,Home,0
37,5295,10456,514,56,3,36,High School,Education,0
30,7921,15380,776,24,2,60,High School,Other,0
35,7843,22266,616,18,1,60,High School,Home,0
63,8324,15440,501,27,4,24,PhD,Home,0
33,7201,21755,459,82,4,12,PhD,Auto,0
31,14695,32296,687,60,4,24,Master's,Education,0
52,6021,10847,364,66,2,36,Master's,Education,0
68,9260,20289,824,119,2,48,Bachelor's,Other,0
40,8694,50722,827,88,3,60,Bachelor's,Auto,0
32,7204,55257,771,3,4,12,Master's,Home,0
45,11366,24109,769,101,3,12,Master's,Business,0
51,6538,40224,530,40,1,48,High School,Business,0
28,9296,14357,541,51,2,48,Master's,Other,0
49,99272,13880,425,34,3,60,PhD,Other,0
40,8546,20737,350,67,4,24,High School,Home,0
39,12080,93703,415,103,3,60,Bachelor's,Education,0
68,145503,18354,316,18,3,36,Bachelor's,Education,1
42,6348,22067,684,60,2,60,Bachelor's,Auto,0
39,4981,13888,348,102,4,24,High School,Business,0
39,5728,18767,328,106,4,12,PhD,Home,0
66,13969,21585,563,103,2,36,PhD,Other,0
69,17779,11520,775,43,1,12,PhD,Home,0
59,11015,46704,700,112,1,24,High School,Education,0
31,9289,23721,671,87,4,24,High School,Business,0
32,1881,58835,658,18,1,48,Bachelor's,Home,0
60,10052,17078,656,58,2,36,PhD,Auto,0
54,5515,87353,614,59,3,48,High School,Business,0
50,8936,19158,774,24,3,24,PhD,Auto,0
25,10427,10922,676,58,3,12,Bachelor's,Business,1
61,6057,22267,413,11,1,48,PhD,Other,0
61,10852,14101,341,41,3,36,Master's,Other,0
22,7813,15272,648,11,2,60,Bachelor's,Home,1
56,10616,73398,524,112,4,24,Master's,Business,0
21,7080,23230,706,71,2,36,Master's,Other,0
23,1584,73988,628,93,4,48,Master's,Home,0
62,9557,19857,779,37,4,24,High School,Business,0
49,2696,90047,781,23,2,36,PhD,Auto,0
69,3618,13701,398,95,4,48,Bachelor's,Other,0
47,14077,23136,466,22,3,48,High School,Auto,0
64,14260,19820,793,69,1,60,High School,Education,0
52,11661,30709,741,73,1,12,Bachelor's,Other,0
57,2390,11625,421,17,2,48,High School,Auto,0
69,13068,24837,557,59,1,24,Bachelor's,Other,0
33,6396,10206,405,63,1,36,PhD,Education,0
30,12585,17203,635,85,1,24,Master's,Education,0
67,12202,33590,752,116,2,48,PhD,Home,0
59,8647,15006,809,70,3,36,High School,Education,0
47,13780,22508,325,8,1,36,High School,Home,0
36,2588,16049,452,1,4,12,High School,Education,1
34,2414,11612,582,88,4,48,Master's,Other,0
36,12847,45269,432,81,3,24,Master's,Education,0
45,16293,96872,420,90,1,24,Bachelor's,Auto,1
43,13166,54614,301,91,4,12,PhD,Home,0
54,9639,10579,711,42,3,36,High School,Auto,0
43,1216,18807,348,51,2,60,High School,Education,0
40,9741,11743,675,23,2,12,PhD,Education,0
26,7211,10592,563,19,3,24,Bachelor's,Business,0
29,10336,20538,337,117,3,48,Master's,Education,0
18,10868,49135,673,56,1,48,Bachelor's,Education,0
18,5054,97542,806,19,3,48,Master's,Home,1
64,13807,94549,532,83,3,12,Master's,Auto,0
51,10365,20731,672,51,2,48,Master's,Auto,0
49,13823,23285,409,16,2,24,Master's,Education,0
65,8239,11848,574,32,1,36,High School,Education,0
42,12600,10476,590,36,3,60,Bachelor's,Home,0
57,3461,15626,695,33,1,60,High School,Home,0
62,7139,10118,514,119,1,24,Master's,Education,0
50,4349,18565,794,50,2,24,PhD,Other,1
33,10900,10603,707,102,4,12,High School,Auto,0
56,7011,18725,694,98,3,12,PhD,Business,0
22,1429,19052,576,62,4,36,Bachelor's,Education,0
39,2537,11270,645,32,1,48,High School,Education,0
46,2051,21058,766,9,1,48,High School,Home,0
20,9806,24464,778,68,2,12,PhD,Business,0
29,14411,18825,479,24,1,24,High School,Home,0
43,3748,11470,310,24,1,24,Bachelor's,Auto,0
33,13732,17065,517,58,2,60,High School,Home,0
68,11750,49635,546,95,3,24,Bachelor's,Education,0
54,6921,86782,636,100,1,24,PhD,Auto,0
39,3962,18856,733,79,2,48,High School,Education,0
46,14850,20127,465,17,3,24,Master's,Other,0
31,5148,24395,549,13,2,36,PhD,Business,0
45,9060,13269,405,31,3,60,PhD,Business,0
28,5370,24025,646,29,4,60,Master's,Home,1
64,42052,20664,450,111,2,60,High School,Auto,0
66,9915,22951,505,114,2,60,High School,Other,0
47,5565,12859,518,44,2,48,High School,Business,0
63,13935,71477,427,0,4,24,Master's,Auto,0
69,7574,14224,546,48,2,48,Bachelor's,Auto,0
22,12145,18051,407,99,4,48,High School,Home,0
29,9116,15970,765,46,2,24,High School,Auto,0
33,10942,90810,688,94,1,48,Master's,Auto,0
43,1545,5175,397,78,3,48,Master's,Education,0
43,12712,24349,472,7,1,36,PhD,Auto,0
65,6749,17936,733,81,1,36,High School,Other,0
38,8265,46860,634,14,3,36,High School,Auto,0
56,11986,16159,594,58,4,48,Bachelor's,Home,1
53,10234,11489,550,66,4,12,Master's,Education,0
50,11223,38924,441,117,1,48,PhD,Business,0
47,4089,45804,644,30,1,60,High School,Home,0
54,12549,17565,599,69,2,36,High School,Home,0
40,13087,13782,558,61,3,12,Master's,Other,0
27,13800,14201,780,3,2,36,Bachelor's,Business,0
22,12815,26066,483,61,4,48,High School,Business,0
53,2074,23869,622,57,4,24,PhD,Home,0
51,3990,19286,381,94,3,36,Bachelor's,Education,0
69,7345,18560,781,41,1,48,High School,Auto,0
48,3548,15379,835,52,4,24,PhD,Auto,0
27,7567,14936,371,30,1,60,PhD,Home,0
36,2208,51900,380,40,2,12,Master's,Other,0
49,13559,12830,773,108,3,48,PhD,Other,0
18,14348,11208,424,53,3,12,Master's,Other,1
22,14614,43790,584,6,4,12,High School,Other,0
62,3824,20625,707,68,2,60,Bachelor's,Other,0
21,11705,19061,761,85,3,12,Bachelor's,Auto,1
33,4295,15952,406,6,4,36,Bachelor's,Education,0
41,5666,20688,411,64,4,36,High School,Other,0
33,9852,11022,486,95,2,24,PhD,Auto,0
19,3050,26120,776,59,4,36,High School,Other,0
66,8132,21033,506,115,4,36,Master's,Other,0
45,5555,13379,325,37,1,36,Bachelor's,Home,0
49,14981,16351,342,8,3,24,Bachelor's,Business,0
44,13554,19750,384,28,4,12,Master's,Other,0
37,14597,90321,638,51,1,36,High School,Home,0
41,10766,35483,507,62,4,12,PhD,Home,0
29,70149,64556,493,43,2,24,PhD,Home,1
67,13634,18825,807,31,1,12,High School,Auto,0
52,5612,15629,325,40,2,24,Bachelor's,Other,0
50,6258,58552,541,55,2,36,Bachelor's,Home,0
50,9491,23327,783,101,2,60,High School,Auto,0
68,6645,20293,521,79,3,24,High School,Business,0
60,14077,65836,679,119,1,60,Master's,Auto,0
54,9012,24256,439,7,1,12,High School,Home,0
29,12242,57684,792,96,2,36,Master's,Education,0
40,2086,63256,802,53,4,60,High School,Business,1
46,8227,48923,686,51,4,24,High School,Auto,0
50,10758,14769,720,44,4,60,PhD,Other,0
57,4872,74029,423,90,2,60,PhD,Auto,0
27,6323,43951,686,48,1,24,PhD,Other,0
60,7601,24499,843,52,2,48,Master's,Auto,0
61,10242,21095,409,98,3,48,Bachelor's,Business,0
46,11332,68969,802,20,3,24,High School,Education,0
30,13723,16046,758,49,1,60,Bachelor's,Business,0
29,6951,15894,571,72,1,36,Bachelor's,Auto,0
48,8735,14483,471,27,2,48,Master's,Other,0
63,9185,25013,608,87,4,12,Master's,Other,0
36,7865,18841,409,21,1,48,Bachelor's,Other,0
68,14095,88870,617,98,2,36,PhD,Business,0
67,5916,88395,558,107,4,24,Master's,Home,0
52,3358,24790,833,44,1,12,Bachelor's,Education,1
40,11171,57127,762,39,2,36,PhD,Home,0
34,7822,11582,445,76,4,24,Bachelor's,Education,0
43,4982,13024,710,80,2,36,High School,Home,0
31,2500,13743,387,57,2,12,Master's,Auto,1
46,11102,12053,732,77,2,48,PhD,Home,0
43,4110,60600,709,54,4,12,PhD,Education,0
27,11554,24413,503,118,1,12,Bachelor's,Business,0
43,5736,13567,363,24,4,60,Bachelor's,Auto,0
51,9491,18174,777,112,3,12,Master's,Education,0
68,10189,11792,820,17,3,60,Bachelor's,Education,0
58,1314,17094,449,28,4,60,Bachelor's,Business,0
32,3681,21620,326,89,2,12,Bachelor's,Other,1
52,5574,86122,613,33,3,60,PhD,Other,0
67,3954,12364,691,103,1,48,Bachelor's,Other,0
62,8052,81994,659,23,1,48,PhD,Education,0
28,12307,78506,635,106,2,60,High School,Auto,0
46,4306,21329,763,16,1,60,Bachelor's,Other,0
53,11931,22552,624,9,2,36,High School,Auto,0
42,10795,78860,466,50,4,48,PhD,Other,0
38,2493,28060,395,82,1,24,High School,Business,0
53,14834,15831,519,21,2,12,PhD,Auto,0
27,8375,11394,552,72,3,24,High School,Business,0
54,5891,85232,535,99,2,48,Master's,Other,0
26,8261,47555,574,90,2,36,Bachelor's,Auto,1
41,5716,10996,650,106,2,36,Master's,Auto,0
52,8433,169207,785,71,3,24,High School,Auto,0
66,53116,20364,594,68,1,60,Bachelor's,Auto,0
52,13296,20015,330,88,3,36,High School,Home,1
65,7891,98335,680,111,4,48,Bachelor's,Home,0
53,7517,10486,657,80,1,60,Master's,Home,0
35,12583,24594,608,46,4,48,Bachelor's,Business,0
66,10433,18216,817,50,3,12,High School,Business,0
56,6840,20330,534,70,4,24,Master's,Home,0
49,5000,18752,638,31,3,60,PhD,Auto,0
41,3555,94372,656,97,2,24,Master's,Business,0
40,7597,74325,379,48,2,48,PhD,Education,0
49,1677,87236,661,96,3,24,Bachelor's,Business,1
54,13017,16878,382,8,3,12,Bachelor's,Other,0
29,5757,21600,528,90,1,36,Bachelor's,Education,0
66,10482,16876,501,83,1,36,Master's,Business,0
30,11309,24225,557,41,1,36,Master's,Business,0
40,6671,85589,476,24,2,12,High School,Education,0
42,8269,17311,352,58,1,24,Master's,Other,1
52,5359,88207,537,87,3,60,Master's,Education,0
58,12246,24890,601,63,4,36,Master's,Education,0
47,11540,66049,727,55,3,12,Bachelor's,Auto,0
34,13911,22723,669,23,4,48,Master's,Home,0
66,3238,14200,688,0,3,60,Bachelor's,Auto,0
37,13890,13196,440,13,1,60,High School,Auto,1
65,5092,73127,752,48,1,12,PhD,Auto,0
42,9973,70937,748,25,1,12,Master's,Other,0
39,14561,24454,623,2,4,24,Bachelor's,Education,0
30,6235,13841,592,16,1,12,PhD,Education,0
36,12127,47143,337,28,3,12,Master's,Auto,0
66,5403,52620,496,36,3,12,PhD,Home,0
53,4650,7304,676,94,2,48,Bachelor's,Auto,0
29,3631,18481,313,14,3,12,Bachelor's,Education,1
58,5892,19536,737,67,2,24,PhD,Auto,0
36,3992,16209,319,87,1,36,Master's,Business,0
29,10750,68870,578,89,4,12,Master's,Auto,0
26,3967,20999,486,17,4,48,Master's,Business,0
24,14427,25501,833,20,1,12,High School,Education,0
45,4825,82564,612,28,3,36,Master's,Auto,0
31,51964,21430,619,36,3,12,PhD,Business,0
48,43860,23726,532,115,1,12,Master's,Education,0
69,13193,5892,672,27,4,60,Bachelor's,Home,0
36,97891,79397,412,52,3,12,High School,Other,1
64,55986,22206,840,90,4,12,High School,Other,0
33,58386,69864,485,74,4,24,Bachelor's,Education,0
22,13495,13209,344,14,3,24,PhD,Auto,1
52,91007,90820,664,55,4,24,High School,Business,0
29,36472,22783,569,63,2,12,Bachelor's,Education,1
42,12162,10353,701,20,4,36,Master's,Education,0
69,13103,20969,602,68,4,24,High School,Other,0
38,34839,38124,467,106,4,60,Master's,Auto,0
53,12663,19336,741,54,3,60,High School,Auto,0
40,10374,19594,340,98,3,48,Master's,Home,0
33,91041,11993,419,30,1,36,High School,Business,0
56,54021,12421,308,63,1,48,High School,Home,0
62,10987,37246,477,91,1,36,PhD,Home,0
59,11001,12452,668,68,3,24,PhD,Other,0
56,8105,19100,834,108,2,36,High School,Home,0
31,6831,13497,707,114,1,12,High School,Auto,0
48,4760,41956,472,37,4,60,High School,Business,0
22,5334,11353,631,107,4,24,PhD,Business,0
52,5746,10932,439,24,1,48,Master's,Auto,0
40,13476,75208,615,63,2,12,Master's,Business,0
46,1998,16132,669,7,2,12,Bachelor's,Auto,1
60,12635,15586,347,102,1,48,Bachelor's,Home,0
28,13290,15620,783,111,3,36,High School,Business,1
35,83909,4691,431,35,2,24,Bachelor's,Business,1
64,12554,1900,757,115,3,12,PhD,Business,0
29,55184,90621,587,119,1,24,High School,Education,0
26,93963,14723,595,50,3,60,Bachelor's,Other,0
27,21833,69199,785,44,2,36,PhD,Other,0
61,14696,22280,564,77,1,24,PhD,Education,0
34,12055,24517,816,5,3,36,PhD,Home,0
55,38306,10259,504,23,2,12,Master's,Auto,1
24,11481,13197,804,49,1,24,PhD,Home,0
63,92711,95539,523,119,3,12,Master's,Other,0
30,11868,15743,333,3,2,12,Master's,Business,0
57,12574,45425,309,45,1,36,High School,Education,0
59,93179,84983,777,111,1,48,PhD,Education,0
26,14696,22544,560,58,1,36,PhD,Business,0
67,88378,12883,455,55,2,24,Master's,Home,1
44,91816,44666,418,28,4,36,Master's,Home,0
19,44942,17408,368,50,4,60,High School,Other,1
22,32454,22383,629,32,1,24,Bachelor's,Auto,1
46,10535,11402,794,64,1,48,PhD,Education,0
54,14583,12773,386,79,1,60,PhD,Education,0
55,28647,91197,776,51,4,12,High School,Business,0
36,10736,11586,300,60,2,24,Bachelor's,Auto,0
25,70217,94750,488,85,1,12,Master's,Home,0
65,10134,81049,328,44,1,36,High School,Other,0
62,47752,16971,615,36,1,24,Bachelor's,Business,0
18,12080,13027,663,63,2,24,Bachelor's,Other,1
39,25825,76868,308,105,4,24,PhD,Education,0
69,68411,97233,460,45,2,36,Bachelor's,Auto,0
34,91967,13009,550,92,2,36,High School,Business,0
24,70364,21600,587,62,3,48,High School,Education,0
42,86344,19010,560,87,3,60,Master's,Business,0
62,11187,87183,589,115,2,60,PhD,Home,0
21,57197,10129,627,19,3,12,Master's,Business,0
53,21299,62200,457,1,1,60,Bachelor's,Education,0
23,19611,21162,809,8,3,12,High School,Auto,1
48,73186,12963,507,61,1,60,Master's,Auto,0
36,12269,80033,804,87,3,48,Bachelor's,Education,0
61,81837,15021,703,0,2,12,Bachelor's,Education,0
56,14513,12036,403,101,1,24,High School,Other,0
44,10835,65041,448,1,3,60,Master's,Business,1
27,74053,80444,495,117,3,48,Bachelor's,Other,1
43,48337,23171,830,3,1,36,PhD,Education,0
36,60638,12882,427,9,4,60,PhD,Business,0
56,10274,84171,330,50,2,12,Master's,Auto,0
20,80452,14579,805,22,4,60,Bachelor's,Education,0
62,41459,36346,824,119,2,36,Bachelor's,Education,0
30,73574,10580,732,62,2,24,Bachelor's,Other,0
67,11286,32856,506,12,3,12,PhD,Auto,0
45,36866,48693,656,25,3,60,Master's,Auto,0
37,44856,8748,753,67,3,48,PhD,Business,0
45,10363,22249,794,9,3,48,High School,Auto,0
25,94821,17417,843,59,3,36,PhD,Education,1
58,22604,52746,450,39,3,36,Master's,Auto,0
56,12959,16620,796,92,3,60,Master's,Other,0
18,61818,31390,337,95,2,12,Master's,Education,0
20,10899,18946,762,111,4,36,Bachelor's,Business,0
30,48943,21349,620,66,2,12,High School,Education,0
45,20871,21899,634,105,3,60,High School,Education,0
66,14462,14519,581,64,3,60,Master's,Auto,0
42,21265,99282,335,72,1,48,Master's,Business,0
50,53067,11192,462,72,3,36,Master's,Home,0
55,12349,17886,630,42,1,36,Bachelor's,Auto,0
23,92437,16694,604,2,2,60,Master's,Auto,0
61,10485,65261,728,8,4,48,PhD,Education,0
62,53827,12833,598,100,2,48,Bachelor's,Business,0
49,10671,16062,642,53,1,48,Bachelor's,Other,1
62,96521,9538,777,93,2,48,High School,Auto,0
64,78932,18600,608,44,2,36,Bachelor's,Business,0
38,87969,88490,324,44,4,60,PhD,Home,0
33,12732,47841,787,111,2,48,Master's,Business,0
38,132032,5437,314,23,4,24,PhD,Home,0
28,77002,82577,653,11,1,24,High School,Auto,1
54,11642,58679,569,82,2,24,High School,Business,1
53,92113,12518,823,104,4,48,High School,Education,0
52,14819,67427,648,98,3,24,Bachelor's,Education,0
36,94862,74190,781,54,2,48,Bachelor's,Home,0
37,116214,66346,776,69,2,60,PhD,Auto,0
35,64809,34647,696,44,3,48,Bachelor's,Education,0
64,12574,16380,508,19,1,36,High School,Education,0
58,86137,80907,673,82,2,12,PhD,Business,1
66,29151,24881,763,96,2,48,PhD,Auto,0
31,25217,57199,714,29,3,48,Bachelor's,Other,0
32,63094,10119,403,35,3,24,Bachelor's,Education,0
48,82128,10469,301,20,3,48,High School,Education,0
18,10949,21820,312,27,1,60,Master's,Auto,1
20,86051,15886,334,11,2,36,High School,Other,0
33,52794,12792,699,104,3,60,Master's,Business,0
40,85874,10717,480,83,1,60,High School,Business,0
28,13744,62712,674,98,4,12,High School,Education,0
29,64773,10408,522,113,3,48,PhD,Education,0
27,148529,17060,613,100,3,24,PhD,Business,0
49,13968,22175,729,105,3,36,Master's,Home,0
33,77424,11238,587,35,4,60,PhD,Business,0
25,80934,24965,364,33,1,60,Master's,Auto,1
55,14326,15587,650,39,3,12,High School,Other,0
29,96978,10825,418,91,3,60,High School,Home,0
41,10768,13009,448,106,4,12,PhD,Auto,0
45,63714,56950,347,82,1,24,Bachelor's,Education,0
25,92519,14301,497,9,4,12,Bachelor's,Education,0
45,14979,16639,697,55,2,12,Master's,Auto,0
53,11017,16694,499,73,3,60,High School,Other,0
43,47632,16079,365,15,2,12,Bachelor's,Other,0
25,14391,24502,319,45,1,36,High School,Education,0
67,83790,23234,845,4,3,36,Master's,Education,0
45,14662,72902,839,11,4,24,High School,Education,0
45,14041,11454,732,23,2,48,High School,Business,0
54,46207,21423,582,91,4,60,PhD,Other,0
58,52081,48043,593,51,4,12,High School,Auto,0
53,13575,18263,474,48,4,12,Master's,Education,0
44,85831,21462,749,39,1,48,Bachelor's,Business,0
34,67581,16023,583,68,1,60,High School,Business,0
26,13875,22597,495,33,1,36,Bachelor's,Home,1
50,41553,12483,340,106,2,24,PhD,Auto,0
37,57716,24685,713,67,3,60,PhD,Business,0
30,11762,76263,819,103,4,48,Bachelor's,Home,0
45,90796,97171,736,21,4,24,Bachelor's,Education,1
65,97232,14939,373,89,1,24,High School,Education,0
46,55412,42767,576,89,3,36,Bachelor's,Other,0
30,47135,12984,546,43,4,48,Master's,Home,0
63,10624,27824,395,58,2,12,Master's,Auto,0
52,10515,96009,844,21,3,12,Master's,Education,0
23,10341,51096,334,76,4,48,Master's,Other,1
35,30091,29306,441,25,2,48,Bachelor's,Auto,1
68,40264,21100,783,9,4,24,Master's,Education,0
22,72962,46813,743,110,1,60,High School,Education,0
64,58410,50769,726,69,3,12,High School,Home,0
42,83631,16305,585,97,2,36,High School,Auto,0
19,79808,52498,567,71,1,48,High School,Auto,0
27,36511,47755,579,109,1,24,High School,Auto,0
47,15680,18092,324,115,4,60,PhD,Business,1
67,73442,50302,391,115,1,36,Bachelor's,Home,0
62,44530,19709,396,13,1,60,High School,Home,0
22,49162,99128,487,65,2,48,High School,Business,0
50,57785,72655,495,3,4,36,PhD,Business,0
18,87322,45345,470,109,4,12,Bachelor's,Business,0
35,47163,11682,380,118,2,12,Bachelor's,Other,0
49,52116,56003,544,103,3,36,Master's,Auto,0
64,79437,22286,644,72,2,36,PhD,Other,0
66,53677,6303,739,96,2,36,Master's,Business,0
28,48015,71220,838,7,3,60,Bachelor's,Business,0
38,55756,68234,586,106,2,60,PhD,Business,0
43,14175,10266,472,75,1,48,High School,Business,0
42,124356,59306,580,53,3,36,PhD,Business,0
39,88630,21142,482,77,1,48,Master's,Other,1
44,57907,52837,742,17,3,12,PhD,Other,0
66,95584,17103,651,111,2,36,Bachelor's,Business,0
30,9584,12924,571,108,4,48,PhD,Business,1
50,10000,12255,705,13,1,36,PhD,Business,0
51,9554,12947,644,84,1,36,Master's,Education,0
58,5584,33481,357,35,4,36,Master's,Other,0
52,9584,17542,652,103,1,60,Master's,Other,0
18,9558,16159,489,6,4,24,PhD,Education,0
38,5584,13011,464,59,1,36,Master's,Auto,0
65,9084,45025,502,32,2,60,PhD,Other,0
23,95004,55689,337,26,3,36,PhD,Home,0
45,8084,17625,767,71,2,36,Bachelor's,Auto,0
34,8084,21386,553,3,4,12,Bachelor's,Home,0
22,90584,23813,818,81,4,48,PhD,Other,0
48,9554,63615,529,31,4,12,PhD,Home,0
22,9554,11626,365,85,4,36,High School,Education,0
55,9004,11040,713,106,3,60,PhD,Education,0
20,6084,61278,507,45,3,12,Master's,Business,1
40,10004,15873,384,47,3,60,Bachelor's,Education,0
54,9384,6974,776,87,1,48,Master's,Auto,0
54,95584,13107,738,75,2,36,Master's,Auto,0
27,95584,11819,709,60,4,24,Master's,Education,0
27,10084,11373,363,47,2,24,High School,Other,0
36,9100,12250,409,96,4,36,PhD,Education,1
34,11584,91313,510,27,1,24,Master's,Business,0
38,2584,21281,727,56,3,36,Master's,Auto,0
31,9524,12097,694,94,1,24,Bachelor's,Other,1
26,33584,74913,423,30,2,36,PhD,Education,0
63,20584,24500,450,55,3,60,PhD,Education,0
18,6584,42965,540,3,3,60,PhD,Business,0
68,6884,10203,704,114,1,24,Master's,Business,0
62,50584,98173,836,87,4,12,High School,Business,0
30,11084,11667,783,6,1,48,High School,Business,0
21,23084,20599,507,80,2,48,Master's,Other,1
18,1584,64719,647,42,4,60,High School,Auto,0
66,5584,19473,428,4,3,48,PhD,Other,0
57,5584,17290,328,0,2,24,Bachelor's,Business,0
49,8584,16757,690,102,1,48,Bachelor's,Business,0
51,7584,23469,785,79,3,12,Master's,Auto,0
45,4855,53027,462,19,2,12,Master's,Education,0
48,4484,18202,539,71,3,48,High School,Education,0
25,5584,18526,531,80,3,48,PhD,Home,0
56,3853,97042,519,111,1,12,Bachelor's,Education,0
43,37555,12352,849,82,1,24,Master's,Business,0
51,8333,23289,603,53,4,36,PhD,Auto,0
53,5395,15132,416,22,2,36,PhD,Auto,1
67,5383,16468,718,90,2,12,PhD,Business,0
29,95584,20048,497,45,4,36,PhD,Education,1
40,28399,10650,591,115,1,12,PhD,Business,1
61,38595,17094,350,8,3,48,Master's,Auto,0
22,58800,49030,756,90,3,60,Master's,Education,0
47,4993,10683,806,49,4,36,Bachelor's,Education,0
47,7339,19145,425,44,3,12,PhD,Other,0
34,7003,16861,314,106,4,48,Master's,Auto,0
65,83430,22830,771,115,4,12,Master's,Auto,0
64,6888,74812,567,116,1,24,PhD,Other,0
40,3455,56710,717,21,3,24,PhD,Business,1
32,22444,19575,743,28,4,48,Master's,Auto,0
54,9584,23670,381,19,3,12,PhD,Education,0
38,34553,15013,630,50,4,36,Bachelor's,Auto,0
31,5356,76789,566,66,1,60,Master's,Home,1
39,43345,9610,644,34,1,36,PhD,Auto,0
28,6543,17449,627,95,2,36,Master's,Other,1
68,5778,55880,570,6,4,48,Master's,Other,0
56,4656,90851,695,25,1,48,Bachelor's,Business,0
55,6443,63786,635,75,2,24,High School,Other,0
51,7445,52698,604,70,1,60,Bachelor's,Auto,0
55,8843,5695,549,80,2,60,Master's,Business,0
67,53588,11556,593,21,3,36,Master's,Education,0
51,54456,22547,376,19,2,24,High School,Education,0
35,7882,98136,473,88,1,24,High School,Other,1
47,35000,20275,455,30,3,36,Master's,Business,0
32,66454,15898,616,8,2,60,PhD,Home,1
44,7533,23657,810,38,3,36,High School,Education,0
68,7900,19023,381,100,2,60,Master's,Education,0
51,7211,89629,809,74,3,24,Master's,Home,0
69,6500,19163,527,71,2,24,Master's,Education,0
55,8500,18736,701,62,2,48,PhD,Home,0
50,8555,15638,530,46,3,24,Bachelor's,Auto,0
41,45600,21818,739,101,4,48,Bachelor's,Home,1
32,7500,20517,398,50,2,36,High School,Other,1
47,63300,14928,834,28,3,24,High School,Home,0
59,8000,19614,496,49,2,36,Master's,Education,0
68,4700,22067,563,98,4,12,Master's,Other,0
34,12000,38225,535,0,4,48,High School,Home,0
58,35000,13481,630,89,3,12,Bachelor's,Home,0
46,8000,23837,565,69,4,12,Master's,Auto,0
49,6990,70105,761,9,1,12,PhD,Business,0
27,7880,24966,694,80,4,24,High School,Other,0
34,7000,85918,598,88,3,36,Master's,Education,0
27,6700,81253,648,5,4,12,High School,Education,0
34,3500,19776,757,56,4,48,Master's,Home,0
37,8700,52486,664,81,4,48,PhD,Auto,0
41,5500,23736,467,83,2,60,Bachelor's,Other,0
72,6000,19117,580,65,2,60,Master's,Education,1
51,4500,11382,482,117,3,24,PhD,Other,1
42,4000,12801,599,107,2,48,High School,Home,0
49,22000,10218,466,39,4,48,Bachelor's,Home,0
30,6000,19908,369,73,3,60,High School,Other,0
60,3404,11062,714,108,4,36,Bachelor's,Other,0
60,54556,12596,394,47,3,60,Master's,Education,0
65,35584,13260,493,53,1,48,Master's,Auto,0
28,5472,19956,660,41,1,24,Bachelor's,Business,0
68,5358,2516,630,4,3,60,PhD,Auto,0
64,4329,16080,730,41,4,60,High School,Home,0
40,7000,98993,714,72,3,12,High School,Auto,0
33,5000,23109,450,84,4,60,High School,Other,1
48,8580,9741,739,17,3,24,Bachelor's,Auto,0
28,5780,33184,760,34,2,60,Master's,Business,1
33,9554,99840,573,21,3,24,Master's,Other,0
44,15584,94071,352,53,2,12,Master's,Auto,0
51,3500,21400,682,44,2,48,Bachelor's,Home,0
57,4000,17614,385,30,2,60,PhD,Education,0
33,4500,5968,399,100,4,48,PhD,Other,0
42,9400,18767,736,28,4,60,PhD,Education,0
30,5000,44100,317,77,1,36,High School,Business,0
49,6700,12335,701,87,3,24,Master's,Business,0
50,5499,13764,467,78,1,36,PhD,Education,0
44,5000,44195,699,3,2,36,Master's,Home,0
46,4000,41878,845,87,4,24,Bachelor's,Education,0
49,44233,12635,390,32,2,12,Master's,Auto,0
67,43366,22436,424,105,1,48,Bachelor's,Other,0
68,4300,16421,576,27,1,48,Master's,Business,0
36,7770,17186,482,94,1,36,PhD,Business,0
38,34400,15110,438,23,3,36,Master's,Other,1
60,9000,22160,835,105,1,24,Master's,Home,0
35,21000,95683,694,39,4,36,High School,Home,0
45,9584,19150,376,118,4,36,Bachelor's,Education,0
59,8500,66507,414,76,4,48,Bachelor's,Auto,0
39,12000,13683,525,106,1,24,PhD,Business,0
38,4399,50014,764,66,4,24,PhD,Business,0
83,5000,66027,594,59,1,60,Master's,Auto,0
68,15584,14897,374,7,4,24,PhD,Auto,1
64,10584,77749,641,42,2,48,Master's,Education,1
58,6000,14128,823,43,4,36,PhD,Auto,0
29,10000,19663,356,66,1,60,PhD,Business,0
43,14984,98444,478,4,4,24,High School,Education,0
63,7500,17310,371,93,4,48,Bachelor's,Other,0
51,40000,11217,506,57,4,24,Bachelor's,Other,0
66,89000,19404,511,27,1,60,High School,Auto,0
31,5490,13822,557,102,3,60,Master's,Education,0
43,5200,58503,471,34,1,60,High School,Other,0
62,3500,17530,422,20,3,24,Bachelor's,Business,0
44,5358,30539,441,19,4,36,PhD,Home,0
38,4633,10976,713,30,3,36,Bachelor's,Other,0
43,6345,23310,421,66,1,48,Bachelor's,Auto,0
64,3584,24227,541,109,3,36,PhD,Education,0
39,6366,24482,677,1,3,48,Bachelor's,Business,0
64,4457,21628,431,103,2,12,Bachelor's,Other,0
47,45285,10265,458,89,4,36,PhD,Auto,0
60,45824,12382,548,19,1,12,Bachelor's,Home,0
65,5454,17479,595,3,3,48,High School,Education,0
34,4573,22619,623,74,4,60,High School,Business,0
43,4557,65135,477,6,2,12,PhD,Education,0
53,4384,18656,638,109,3,60,Master's,Education,0
50,54582,11248,615,17,4,24,High School,Home,0
25,4257,17081,475,72,3,48,Master's,Home,0
66,6457,17093,555,109,3,36,High School,Business,0
52,8462,20465,651,96,2,24,Master's,Other,0
69,57244,22456,333,82,4,24,Master's,Auto,0
32,5824,12436,570,64,1,60,Bachelor's,Business,0
64,45773,23023,849,13,2,24,High School,Home,0
39,63566,15906,447,89,3,48,Bachelor's,Education,1
31,48437,15172,364,84,2,60,Bachelor's,Business,1
43,7344,11363,687,39,3,12,Master's,Education,1
45,3574,21611,442,111,3,48,PhD,Business,0
40,8357,24889,423,114,1,48,Master's,Business,0
31,45777,14544,670,99,1,48,High School,Business,0
41,5538,77341,702,54,2,36,PhD,Education,0
51,9433,33914,596,90,1,60,Bachelor's,Education,0
62,2247,15493,569,44,3,24,Master's,Business,0
43,4358,16830,482,20,3,60,Bachelor's,Auto,0
31,3836,99949,328,81,2,12,Bachelor's,Home,1
68,2955,96057,677,78,2,60,Master's,Education,0
24,2595,14088,695,96,1,60,PhD,Auto,0
60,6427,19242,775,100,4,12,Bachelor's,Other,0
64,4368,64576,335,66,1,12,Bachelor's,Home,0
40,56563,17553,654,0,4,48,Bachelor's,Business,0
63,3688,18741,636,109,4,36,PhD,Other,0
60,36882,12827,842,30,4,36,Master's,Business,0
64,6833,21172,843,105,1,60,Master's,Home,0
62,5700,18894,700,62,1,24,Bachelor's,Home,0
35,7900,44268,604,98,2,36,Master's,Business,0
55,3673,22315,737,56,1,60,Bachelor's,Education,0
52,58300,24658,736,101,3,48,PhD,Education,0
68,46777,12882,438,102,3,60,High School,Home,0
32,7500,22978,822,106,4,24,Bachelor's,Business,0
42,5680,24095,670,1,4,24,PhD,Auto,0
54,3500,59574,470,45,1,36,PhD,Home,0
45,6800,15710,695,6,1,60,High School,Other,0
27,4690,13950,517,100,1,24,PhD,Business,0
56,6000,19149,414,20,2,60,Bachelor's,Auto,0
34,6840,58450,344,99,4,48,Master's,Other,0
56,9000,11672,513,72,1,36,High School,Other,1
39,6700,12817,788,2,1,12,PhD,Other,0
43,7800,21458,450,12,4,60,Bachelor's,Auto,1
61,6300,85078,560,15,1,36,PhD,Home,0
42,9000,20582,839,13,4,36,Bachelor's,Business,0
34,4700,18093,786,22,3,36,Bachelor's,Other,0
30,64700,23187,327,40,2,24,Bachelor's,Home,0
37,7800,19780,422,3,3,60,PhD,Home,0
42,6900,90750,512,78,2,60,PhD,Auto,0
50,72000,10973,597,62,3,24,Master's,Education,0
27,5285,50494,307,69,4,24,Master's,Auto,0
62,4393,18525,602,17,1,24,PhD,Other,0
58,85266,16089,317,33,1,60,Bachelor's,Business,0
62,36900,20373,805,22,2,12,High School,Auto,0
35,3600,19636,481,70,3,12,High School,Education,0
64,5000,12755,558,2,4,48,High School,Home,0
53,6500,6261,509,75,4,48,Master's,Home,0
64,6800,12236,797,29,1,36,High School,Education,0
39,9290,20830,655,63,2,36,PhD,Auto,0
51,44600,21960,506,82,2,60,Bachelor's,Business,0
64,52400,10348,559,38,4,24,Bachelor's,Other,0
55,5420,23300,753,49,4,60,Master's,Education,0
57,5600,11837,485,17,2,12,Bachelor's,Other,0
66,13000,15092,318,9,3,36,PhD,Business,0
61,3400,82720,426,62,2,12,High School,Other,0
36,9100,22043,640,105,1,36,PhD,Education,0
59,21040,24202,703,84,4,12,High School,Other,0
58,41000,21905,556,7,3,60,Bachelor's,Home,0
54,35000,10862,804,68,4,36,Bachelor's,Auto,0
37,6400,47749,635,68,3,60,High School,Education,0
69,13500,42315,402,39,2,24,High School,Home,0
43,13900,13134,661,91,2,60,Bachelor's,Auto,0
51,3484,69964,512,21,3,48,Master's,Business,0
62,9930,18049,721,103,2,24,Bachelor's,Auto,0
50,22100,12904,698,115,2,60,Bachelor's,Home,0
54,3240,27607,772,7,4,48,PhD,Education,0
50,3698,17874,669,21,2,48,PhD,Business,0
39,5849,65674,705,77,4,60,PhD,Education,0
38,4569,24372,564,40,4,48,High School,Auto,1
23,7690,23223,531,89,3,36,High School,Auto,0
60,5690,73313,722,26,1,36,PhD,Business,0
65,8965,14768,465,105,3,24,Master's,Education,0
61,5680,19499,776,89,1,24,PhD,Other,0
47,4790,21444,815,89,1,12,PhD,Other,0
28,9705,24327,414,25,1,48,PhD,Other,0
47,8700,16617,523,40,2,48,Bachelor's,Other,0
48,9800,42632,844,1,1,60,Bachelor's,Education,0
41,35600,17638,571,102,1,24,Master's,Business,0
26,4800,16658,806,114,1,24,High School,Home,0
20,8340,14927,676,49,3,36,Bachelor's,Other,1
68,6300,29011,777,77,1,36,Master's,Home,0
48,34400,25802,399,30,2,12,Master's,Auto,0
57,5660,24690,687,97,2,36,PhD,Business,0
54,5990,19553,566,80,4,60,Bachelor's,Auto,0
53,95584,29800,825,57,4,24,Bachelor's,Other,0
41,5800,17353,540,107,4,24,Master's,Auto,0
48,5838,12114,698,97,2,60,Master's,Business,0
23,6546,11607,301,76,3,12,PhD,Auto,0
48,4357,10868,487,79,1,24,PhD,Home,0
37,5486,22512,619,75,2,24,Bachelor's,Home,0
45,4569,19889,453,80,4,48,High School,Auto,0
28,7673,62903,848,96,1,12,Bachelor's,Other,0
52,5677,48897,818,75,2,48,Bachelor's,Auto,1
32,5482,11892,725,49,2,60,High School,Other,0
51,43345,20857,778,22,4,48,Master's,Auto,0
66,4577,13879,770,5,2,60,PhD,Business,0
47,7427,75981,531,96,2,48,High School,Auto,0
55,4577,20697,709,111,3,24,High School,Home,1
68,5247,22942,682,64,2,12,Master's,Other,0
52,7247,21805,413,3,1,48,Master's,Home,1
32,4577,18097,779,1,1,24,Master's,Education,0
28,7444,68754,741,19,2,48,PhD,Other,0
44,5777,18897,828,51,1,36,PhD,Education,0
43,6999,41514,454,90,3,24,High School,Other,0
68,6843,11804,816,8,3,24,PhD,Other,1
62,35688,5020,382,69,4,60,High School,Auto,0
61,38658,91909,586,118,2,48,PhD,Other,0
66,48656,31767,341,76,4,60,Master's,Auto,0
55,6568,62694,744,82,3,48,PhD,Auto,0
43,56865,19191,508,34,4,60,Master's,Auto,0
29,95584,11324,649,116,2,12,PhD,Home,0
36,45834,19093,790,75,4,12,Master's,Other,0
37,4865,98939,630,16,1,48,Bachelor's,Business,0
50,6464,57501,624,73,2,48,Master's,Business,1
37,6300,11115,458,98,4,12,PhD,Auto,0
66,9584,18282,365,26,3,24,Bachelor's,Home,0
29,5000,13888,654,12,4,24,Master's,Auto,0
64,43778,17091,824,45,2,12,High School,Home,0
44,6688,13344,425,35,3,48,PhD,Education,0
43,7555,14516,801,12,3,24,Bachelor's,Education,0
31,56994,22038,309,15,2,60,High School,Business,0
55,6844,11895,556,74,4,12,PhD,Home,0
54,6448,22607,438,103,1,48,High School,Other,0
28,4899,23123,658,63,2,12,High School,Education,0
53,48656,66933,303,72,2,60,Bachelor's,Education,0
30,5856,21440,571,95,3,48,High School,Other,0
60,8588,59925,719,18,2,60,High School,Home,0
20,5484,24062,665,77,4,48,High School,Auto,0
50,5688,19098,481,90,1,60,PhD,Home,0
23,5488,19345,345,99,3,12,High School,Education,0
67,8500,17669,740,15,1,48,High School,Other,0
27,4680,24208,459,9,1,24,Bachelor's,Business,0
55,5600,12092,829,53,2,24,Bachelor's,Business,0
40,9000,13907,398,67,2,60,PhD,Other,0
27,7990,19502,577,111,3,12,Master's,Business,0
61,9060,63668,792,36,4,24,Bachelor's,Auto,0
19,9700,13309,344,48,2,48,PhD,Auto,1
30,67876,21279,689,33,2,12,Master's,Home,0
57,54888,80995,673,40,2,36,Master's,Education,0
50,4568,42165,624,55,2,48,Master's,Auto,0
37,5688,11750,433,45,2,60,Master's,Home,0
50,8566,18225,380,119,3,48,High School,Auto,0
54,5688,14691,561,5,3,48,Bachelor's,Education,0
26,4858,15452,573,56,2,24,Master's,Education,0
34,5656,15147,721,98,1,60,High School,Education,0
26,5688,17849,758,54,3,12,High School,Auto,1
28,56888,11480,580,37,4,60,Master's,Education,0
32,6588,12170,818,70,2,12,Bachelor's,Business,0
41,6500,10796,823,39,2,24,Bachelor's,Other,0
55,8000,24214,339,11,4,12,Master's,Home,0
52,8000,40543,732,65,3,36,Bachelor's,Education,0
47,56845,20142,753,71,4,24,PhD,Auto,0
48,8600,22758,504,74,2,24,PhD,Home,0
66,3600,20065,832,40,1,36,PhD,Education,0
30,56858,24344,833,79,3,48,High School,Business,0
61,56888,95891,729,113,3,60,High School,Business,0
67,68588,79370,574,83,2,24,Bachelor's,Education,0
31,5688,17151,595,91,2,60,PhD,Other,0
28,5858,58334,844,37,2,60,High School,Education,0
26,3634,47138,438,39,4,48,Bachelor's,Home,0
51,8588,13747,507,52,1,24,High School,Education,0
29,5690,82002,610,94,1,48,Master's,Home,0
52,8000,48883,804,24,1,12,PhD,Auto,0
52,6579,52420,301,55,4,60,Bachelor's,Education,0
18,4865,15792,812,55,1,48,Bachelor's,Home,0
57,6586,32417,313,40,4,24,Bachelor's,Auto,1
39,5688,82922,488,98,3,12,Master's,Education,0
46,9000,75711,462,37,3,12,Master's,Education,0
29,1300,19430,690,39,4,24,Bachelor's,Education,1
28,11800,24378,622,35,1,36,Master's,Other,1
58,5600,8289,615,97,1,36,Master's,Home,0
54,6800,6670,497,98,4,24,High School,Education,0
31,23940,96312,342,35,1,48,PhD,Auto,0
47,45745,20745,480,27,1,60,PhD,Auto,0
52,74300,16307,807,99,2,48,PhD,Education,0
38,7477,13807,375,63,4,48,Bachelor's,Education,0
54,5754,9811,469,64,4,48,Bachelor's,Business,0
22,4545,87983,793,90,1,36,Bachelor's,Business,0
36,3785,22905,463,101,1,48,PhD,Other,0
31,7547,14283,818,25,2,48,Bachelor's,Other,0
43,5458,11499,387,27,4,60,High School,Business,0
40,7457,5188,814,49,1,48,High School,Other,0
42,4466,24429,487,71,4,24,PhD,Auto,1
62,4566,82178,668,85,2,60,High School,Other,0
59,4347,17928,775,7,1,48,Bachelor's,Auto,0
42,6734,20831,332,59,4,60,PhD,Education,0
35,95584,15438,401,27,1,12,PhD,Business,0
57,4734,1577,563,52,1,60,High School,Other,0
25,25430,11250,816,29,3,48,PhD,Other,0
56,7400,14301,521,21,4,12,Master's,Home,0
57,4570,23577,628,95,4,24,Master's,Other,0
31,4400,15632,829,58,1,48,PhD,Auto,0
49,6530,15401,450,28,3,60,Bachelor's,Education,0
68,4358,16479,691,76,2,48,Master's,Education,0
55,5437,12426,844,67,2,36,Bachelor's,Home,0
50,43577,37211,420,69,1,36,PhD,Business,0
40,43577,83673,570,98,3,48,Bachelor's,Business,0
32,37457,90448,775,82,1,36,Master's,Other,0
50,5773,62195,631,25,1,48,Bachelor's,Auto,0
42,4377,10838,496,106,2,12,High School,Other,0
34,34743,20308,643,70,1,48,Master's,Home,0
50,3744,15532,534,109,1,36,PhD,Home,0
64,7343,21395,641,37,4,60,Master's,Auto,0
55,3547,14433,356,86,1,48,High School,Home,0
31,3734,22913,344,31,4,48,Bachelor's,Home,0
57,4773,24246,683,119,4,48,High School,Education,0
57,5477,21679,506,96,2,12,Master's,Education,0
68,73437,16687,536,87,3,36,PhD,Other,0
56,34734,21017,844,14,4,36,Bachelor's,Auto,0
68,3745,24260,722,81,4,36,Bachelor's,Education,0
72,2727,23375,384,84,4,60,PhD,Education,0
44,2577,78432,424,115,2,12,PhD,Auto,0
40,4572,24449,582,85,2,12,Bachelor's,Other,0
24,3274,46004,532,110,3,24,Master's,Other,1
68,8380,19746,482,14,2,24,Master's,Auto,0
25,9965,149116,452,0,4,12,Master's,Business,0
59,6506,67002,649,9,3,60,High School,Other,0
69,9760,22964,821,52,4,48,High School,Home,0
32,6000,12918,601,117,2,48,High School,Education,0
64,54244,58493,649,47,1,36,Master's,Education,0
46,2844,19418,641,59,3,24,PhD,Education,0
50,3482,58173,563,119,4,36,PhD,Business,0
69,4388,22723,344,102,1,12,Bachelor's,Auto,0
47,3838,13303,334,89,1,60,Bachelor's,Education,0
56,8344,80694,429,50,3,12,PhD,Home,0
44,3753,10940,617,63,3,12,High School,Auto,0
53,7377,15760,512,18,2,36,Bachelor's,Education,0
39,5774,13253,514,44,1,12,High School,Other,0
55,4377,5081,680,16,3,36,High School,Other,0
50,4757,32900,663,74,1,60,High School,Home,0
60,25782,8700,785,94,3,24,High School,Business,0
